prefix_len,train_rows,test_rows,roc_auc,pr_auc,f1_best,best_threshold
5,23631,7878,0.6065802937477706,0.5435187563392461,0.6298363447166777,0.5454804680655133
8,23618,7873,0.4758534377059407,0.43221432630054357,0.6206957132817991,1.1888121357901845e-175
12,18123,6041,0.8455408619479607,0.6513122999628592,0.6814701378254211,3.0737868272251823e-07
