app_type,cases,non_success_rate,median_norm_distance,p90_norm_distance,median_duration_h,median_rework
New credit,28120,0.47243954480796585,0.4,0.5714285714285714,484.2413490277778,1.0
Limit raise,3389,0.26674535261138976,0.23076923076923078,0.4166666666666667,332.81090888888895,1.0
